"Month","COUNTRY","total active","total deaths","total confirmed"
"01","Romania",0,0,0
"01","Senegal",0,0,0
"01","Seychelles",0,0,0
"01","Singapore",53,0,53
"01","Sri Lanka",5,0,5
"01","West Bank and Gaza",0,0,0
"01","Argentina",0,0,0
"01","Austria",0,0,0
"01","Azerbaijan",0,0,0
"01","Belarus",0,0,0
"01","Burundi",0,0,0
"01","Costa Rica",0,0,0
"01","Croatia",0,0,0
"01","Dominican Republic",0,0,0
"01","Germany",18,0,18
"01","Guatemala",0,0,0
"01","Haiti",0,0,0
"01","Iceland",0,0,0
"01","Lebanon",0,0,0
"01","Libya",0,0,0
"01","Montenegro",0,0,0
"01","Pakistan",0,0,0
"01","Paraguay",0,0,0
"02","El Salvador",0,0,0
"02","Greenland",0,0,0
"02","Guinea",0,0,0
"02","Ireland",1,0,1
"02","Japan",2036,40,2418
"02","Kazakhstan",0,0,0
"02","Libya",0,0,0
"02","Namibia",0,0,0
"02","Norway",23,0,23
"02","Qatar",1,0,1
"02","Russia",22,0,58
"02","Sao Tome and Principe",0,0,0
"02","Singapore",1089,0,1795
"02","Somalia",0,0,0
"02","Venezuela",0,0,0
"02","Afghanistan",6,0,6
"02","Andorra",0,0,0
"02","Belgium",13,0,26
"03","Bahrain",4693,41,7765
"03","Belgium",76809,3145,89009
"03","Brunei",1515,4,1688
"03","Cambodia",1089,0,1225
"03","Congo (Brazzaville)",97,0,97
"03","Cuba",965,28,1020
"03","Greece",12573,339,13397
"03","Holy See",58,0,58
"03","Honduras",789,20,821
"03","Ireland",22937,296,23308
"03","Kenya",357,6,370
"03","Montenegro",692,10,702
"03","Norway",51136,234,51448
"03","Saint Lucia",61,0,66
"03","Sri Lanka",1363,6,1471
"03","Suriname",88,0,88
"03","Switzerland",143468,2566,155101
"03","Tunisia",2393,64,2476
"03","Turkey",57126,976,58776
"03","Uzbekistan",1022,9,1062
"04","Brunei",990,30,4089
"04","Estonia",36007,978,41075
"04","Eswatini",626,15,843
"04","Fiji",362,0,464
"04","Ghana",21545,254,24029
"04","Greece",50280,3088,64317
"04","Guinea-Bissau",1412,5,1515
"04","Guyana",1122,183,1562
"04","Italy",3017835,644171,4928524
"04","Jamaica",4300,147,5011
"04","Kazakhstan",36058,442,46219
"04","Kosovo",9870,329,13085
"04","Kuwait",39360,234,51368
"04","Liechtenstein",212,27,2372
"04","Malawi",419,53,528
"04","Mali",4092,382,5898
"04","Nepal",639,0,792
"04","Niger",10265,511,15083
"04","Rwanda",2783,0,4265
"04","Sao Tome and Principe",106,0,118
"04","Saudi Arabia",220819,2487,262096
"04","Spain",2621463,548160,5236777
"04","Sudan",2453,282,3009
"04","Turkey",1671945,49592,2098207
"04","Ukraine",123658,3623,137421
"04","Vietnam",2772,0,7778
"04","Argentina",54504,3482,77576
"04","Australia",94906,1817,188206
"05","Argentina",179065,11562,275556
"05","Armenia",85892,2012,151445
"05","Bahamas",1391,341,2933
"05","Bosnia and Herzegovina",23494,3748,68816
"05","Burundi",428,31,889
"05","Central African Republic",10866,10,11339
"05","Costa Rica",9760,260,26697
"05","Grenada",210,0,674
"05","Iran",569536,215665,3727988
"05","Israel",115775,8164,514060
"05","Italy",2235008,973585,6914863
"05","Jordan",5164,278,18801
"05","Latvia",11348,613,30402
"05","Madagascar",6994,39,10795
"05","Mauritania",3583,182,4057
"05","Mozambique",4370,11,4381
"05","Namibia",189,0,554
"05","New Zealand",2149,652,46429
"05","Niger",4218,1596,26985
"05","Paraguay",14609,329,22319
"05","Peru",1717435,81546,2852556
"05","Saint Vincent and the Grenadines",195,0,567
"05","Sao Tome and Principe",6903,213,7624
"05","Sierra Leone",8868,869,14797
"05","Taiwan*",1574,207,13625
"05","Thailand",3695,1730,93701
"05","Togo",4473,346,8434
"05","Turkey",1250818,124363,4521709
"05","US",33958851,2728676,45407574
"05","Uganda",4026,0,5937
"06","France",2772630,883613,5849444
"06","Greenland",6,0,390
"06","Guatemala",255126,12749,329549
"06","Guinea",38675,779,139077
"06","Guyana",2183,360,5398
"06","Holy See",50,0,360
"06","Italy",801419,1028841,7115232
"06","Jordan",7295,270,28514
"06","Kazakhstan",186145,2941,476607
"06","Kuwait",297504,8890,1106772
"06","Madagascar",27068,356,42217
"06","Nepal",168655,569,210352
"06","Oman",416379,3322,752585
"06","Panama",270303,14003,671302
"06","Peru",3113583,210384,6934846
"06","Poland",390638,38238,890824
"06","Romania",154429,43273,680012
"06","San Marino",3090,1260,20723
"06","South Sudan",45307,780,49168
"06","United Kingdom",6916356,1258183,8213357
"06","Yemen",11671,5932,23264
"06","Brunei",15,75,4230
"06","Cameroon",93607,7717,295083
"06","Chile",1397332,101418,6291295
"06","Colombia",1019629,57268,1745908
"06","Dominican Republic",285337,18404,721962
"06","Ethiopia",77088,1683,106607
"07","Bahrain",114516,3094,912736
"07","Barbados",121,189,2769
"07","Belgium",978795,264332,1708385
"07","Cabo Verde",23518,515,48442
"07","Congo (Kinshasa)",106489,5146,217577
"07","Cuba",1633,2339,65509
"07","Ecuador",908232,137915,1881807
"07","Estonia",1339,1863,54347
"07","Ghana",110034,3778,686153
"07","Guatemala",487178,34845,869412
"07","Guyana",3891,467,8371
"07","Jamaica",3221,270,20858
"07","Monaco",212,108,2960
"07","Montenegro",30983,701,42574
"07","North Macedonia",101163,10572,225607
"07","Paraguay",41350,732,87001
"07","Portugal",363676,44866,1263422
"07","Saudi Arabia",1472201,61470,6364749
"07","Tunisia",4557,1350,35169
"01","Saint Kitts and Nevis",0,0,0
"01","Saint Vincent and the Grenadines",0,0,0
"01","Slovakia",0,0,0
"01","Spain",0,0,0
"01","Suriname",0,0,0
"01","Tanzania",0,0,0
"01","Timor-Leste",0,0,0
"01","Ukraine",0,0,0
"01","United Kingdom",2,0,2
"01","Yemen",0,0,0
"01","Zambia",0,0,0
"01","Antigua and Barbuda",0,0,0
"01","Bahamas",0,0,0
"01","Bulgaria",0,0,0
"01","Ecuador",0,0,0
"01","Eritrea",0,0,0
"01","Guinea-Bissau",0,0,0
"01","Guyana",0,0,0
"01","Jamaica",0,0,0
"01","Kyrgyzstan",0,0,0
"01","Mali",0,0,0
"01","Moldova",0,0,0
"01","Monaco",0,0,0
"01","Morocco",0,0,0
"01","Niger",0,0,0
"01","Norway",0,0,0
"01","Poland",0,0,0
"02","Eswatini",0,0,0
"02","Ethiopia",0,0,0
"02","Georgia",4,0,4
"02","Indonesia",0,0,0
"02","Kosovo",0,0,0
"02","Liechtenstein",0,0,0
"02","Mauritius",0,0,0
"02","Mexico",5,0,5
"02","Monaco",1,0,1
"02","Mongolia",0,0,0
"02","Slovakia",0,0,0
"02","Spain",121,0,151
"02","United Arab Emirates",204,0,268
"02","West Bank and Gaza",0,0,0
"02","Zambia",0,0,0
"02","Australia",236,0,431
"02","Belarus",2,0,2
"02","Bolivia",0,0,0
"02","Bosnia and Herzegovina",0,0,0
"02","Botswana",0,0,0
"02","Cameroon",0,0,0
"02","Cote d'Ivoire",0,0,0
"03","Barbados",255,0,255
"03","Brazil",35861,976,37127
"03","Burundi",2,0,2
"03","Croatia",6013,36,6404
"03","Fiji",47,0,47
"03","Gabon",74,12,86
"03","Georgia",1127,0,1256
"03","Ghana",1068,38,1146
"03","Haiti",93,0,96
"03","Hungary",3100,119,3512
"03","Jamaica",337,13,382
"03","Jordan",2282,15,2421
"03","Kosovo",532,6,548
"03","Kuwait",3515,0,4154
"03","Lebanon",4810,110,5177
"03","Lithuania",3547,47,3623
"03","Moldova",2255,21,2328
"03","Nepal",25,0,56
"03","Nicaragua",28,5,33
"03","Niger",108,11,119
"03","Poland",15917,213,16224
"03","Portugal",45788,792,46919
"03","Romania",12946,314,14734
"03","Russia",11602,54,12224
"03","Singapore",7426,25,11276
"03","Slovenia",8456,83,8609
"03","Somalia",28,0,29
"03","Tajikistan",0,0,0
"03","Uruguay",2978,4,3023
"03","Antigua and Barbuda",61,0,61
"03","Bahamas",91,0,99
"04","China",95856,118290,2500143
"04","Dominican Republic",98867,5552,115932
"04","Ecuador",285136,12586,321161
"04","Equatorial Guinea",2718,9,2867
"04","Guinea",13098,84,15955
"04","India",347379,14417,447607
"04","Morocco",58733,3613,71867
"04","North Macedonia",21905,1283,29086
"04","Russia",1023297,10123,1129437
"04","Seychelles",247,0,325
"04","Somalia",4914,246,5314
"04","Suriname",136,28,300
"04","Uruguay",7104,280,15144
"04","Venezuela",3556,266,6845
"04","Zimbabwe",490,86,618
"04","Armenia",23868,527,36511
"04","Azerbaijan",18863,429,35353
"04","Belarus",130885,1171,150554
"04","Bolivia",12976,887,14801
"04","Botswana",397,30,437
"05","Albania",6138,975,28873
"05","Antigua and Barbuda",122,93,776
"05","Australia",19066,3071,217625
"05","Brazil",4228521,509030,7944285
"05","Brunei",160,36,4354
"05","Djibouti",24064,244,54254
"05","Estonia",23100,1903,55005
"05","Greenland",13,0,354
"05","Kenya",19033,1314,29773
"05","Kyrgyzstan",10928,407,36450
"05","Liechtenstein",5,31,2542
"05","Luxembourg",5752,3228,121711
"05","Mongolia",2388,0,3109
"05","North Macedonia",13461,3164,55465
"05","Papua New Guinea",24,0,248
"05","Russia",5893168,82313,8257093
"05","Sri Lanka",16953,279,31986
"05","Trinidad and Tobago",106,248,3598
"05","Western Sahara",28,6,210
"06","Gambia",273,41,1016
"06","Georgia",4019,410,25966
"06","Ghana",169244,2018,370733
"06","Liberia",7507,962,15416
"06","Lithuania",8335,2242,52842
"06","Malta",1065,270,19477
"06","Niger",1524,1982,30260
"06","Saint Kitts and Nevis",0,0,450
"06","Singapore",289922,763,1210239
"06","Suriname",5003,167,7377
"06","Sweden",1450366,148005,1598371
"06","Switzerland",11908,58301,935609
"06","Tanzania",9150,630,15270
"06","Turkey",725443,145450,5429570
"06","US",43981001,3518537,64933835
"06","Vietnam",585,0,10196
"06","Western Sahara",33,30,279
"06","Andorra",727,1545,25511
"06","Angola",2782,210,4660
"06","Bangladesh",1856115,37194,2836656
"06","Barbados",135,210,2860
"06","Burundi",1181,30,3219
"06","Cambodia",113,0,3885
"06","El Salvador",55922,2638,122784
"07","Andorra",441,1404,23502
"07","Antigua and Barbuda",641,81,2007
"07","Benin",21914,733,38837
"07","Botswana",10696,28,11808
"07","El Salvador",115392,7800,283501
"07","Greece",61277,5263,103638
"07","Guinea",28065,1021,167626
"07","Honduras",696962,22317,810478
"07","Hungary",16741,16015,115487
"07","Kazakhstan",741583,10204,1703184
"07","Lebanon",28235,1061,68690
"07","Mexico",955908,980584,8455776
"07","Romania",286832,52188,937760
"07","San Marino",15,1134,18865
"07","Seychelles",2125,0,2666
"07","Sierra Leone",11000,1724,44541
"07","Sri Lanka",13223,297,67206
"07","Suriname",8829,495,24140
"07","Togo",5811,414,20163
"01","Saint Lucia",0,0,0
"01","San Marino",0,0,0
"01","Somalia",0,0,0
"01","South Africa",0,0,0
"01","United Arab Emirates",12,0,12
"01","Algeria",0,0,0
"01","Bangladesh",0,0,0
"01","Belgium",0,0,0
"01","Benin",0,0,0
"01","Cabo Verde",0,0,0
"01","Central African Republic",0,0,0
"01","Cuba",0,0,0
"01","Dominica",0,0,0
"01","Indonesia",0,0,0
"01","Ireland",0,0,0
"01","Israel",0,0,0
"01","Kosovo",0,0,0
"01","Laos",0,0,0
"01","Lithuania",0,0,0
"01","Papua New Guinea",0,0,0
"01","Peru",0,0,0
"01","Portugal",0,0,0
"02","Cyprus",0,0,0
"02","Denmark",5,0,5
"02","Fiji",0,0,0
"02","Ghana",0,0,0
"02","Holy See",0,0,0
"02","Iran",1152,171,1617
"02","Jordan",0,0,0
"02","Kyrgyzstan",0,0,0
"02","Lesotho",0,0,0
"02","Mali",0,0,0
"02","Morocco",0,0,0
"02","Papua New Guinea",0,0,0
"02","Poland",0,0,0
"02","Saint Vincent and the Grenadines",0,0,0
"02","San Marino",3,0,3
"02","South Korea",11762,83,12128
"02","Thailand",539,0,932
"02","Turkey",0,0,0
"02","US",289,1,378
"02","Uganda",0,0,0
"02","Uzbekistan",0,0,0
"02","Zimbabwe",0,0,0
"02","Belize",0,0,0
"02","Benin",0,0,0
"02","Brunei",0,0,0
"02","Bulgaria",0,0,0
"02","Burma",0,0,0
"02","Canada",234,0,234
"02","Chile",14,0,14
"02","Congo (Kinshasa)",0,0,0
"03","Bhutan",46,0,46
"03","Bulgaria",3413,71,3576
"03","Central African Republic",41,0,41
"03","Chad",35,0,35
"03","Chile",18166,50,18796
"03","Cote d'Ivoire",1010,3,1051
"03","Denmark",31630,542,32638
"03","Djibouti",125,0,125
"03","Dominican Republic",5893,220,6140
"03","El Salvador",155,1,156
"03","Iraq",4355,509,6335
"03","Laos",50,0,50
"03","Liberia",41,0,41
"03","Mexico",7831,136,8124
"03","Namibia",81,0,97
"03","New Zealand",3293,3,3637
"03","Nigeria",793,11,843
"03","United Arab Emirates",4648,32,5515
"03","Argentina",5496,158,6529
"04","Bulgaria",21107,1111,25790
"04","Burkina Faso",6469,921,15230
"04","Burundi",121,18,183
"04","Cameroon",20486,825,30497
"04","Central African Republic",313,0,444
"04","Croatia",31266,1043,49646
"04","Cuba",17885,862,25438
"04","Germany",1636325,115270,3942925
"04","Grenada",323,0,429
"04","Haiti",1217,92,1365
"04","Holy See",201,0,247
"04","Hungary",37362,4482,48858
"04","Indonesia",132787,14067,164969
"04","Kyrgyzstan",8380,154,13260
"04","Mauritius",4666,255,8914
"04","Mongolia",613,0,784
"04","Namibia",329,0,472
"04","Panama",104955,3087,112687
"04","Serbia",132541,3059,149995
"04","South Africa",63095,1363,88044
"04","Trinidad and Tobago",2363,229,3315
"04","Tunisia",19149,940,23056
"04","Andorra",12553,917,19106
"04","Austria",163963,11663,417242
"04","Belgium",644003,132664,993613
"04","Benin",667,25,1178
"05","Barbados",541,217,2697
"05","Dominica",29,0,496
"05","Eswatini",3626,57,6137
"05","Fiji",109,0,558
"05","Georgia",8048,339,20931
"05","Guinea",44732,472,80843
"05","Indonesia",385501,35759,546175
"05","Kuwait",298878,3288,445816
"05","Malawi",1898,101,2747
"05","Monaco",212,124,2993
"05","Saint Kitts and Nevis",49,0,465
"05","Saint Lucia",22,0,556
"05","South Korea",28980,8104,342959
"05","South Sudan",11831,116,12050
"05","Tanzania",9399,616,15576
"05","Yemen",3181,790,4115
"05","Zambia",10058,188,18622
"06","Gabon",75342,878,120239
"06","Honduras",273668,10175,317671
"06","Hungary",30860,16819,121673
"06","India",4703849,331856,10951713
"06","Indonesia",683606,66560,1211857
"06","Japan",30676,28137,525609
"06","Kenya",76707,3215,118824
"06","Malawi",15316,223,19374
"06","Mali",17470,3041,53905
"06","Montenegro",1194,277,10921
"06","Netherlands",1280144,182259,1467698
"06","Portugal",371887,45356,1120468
"06","Qatar",629314,2366,2393921
"06","Saudi Arabia",1262696,31522,4063590
"06","Sierra Leone",12440,1565,35399
"06","Slovakia",3664,840,47133
"06","Somalia",55730,2587,77531
"06","South Korea",32224,8337,365805
"06","Sudan",126678,13743,225246
"06","Taiwan*",164,210,13341
"06","Togo",6253,397,16202
"06","Ukraine",527895,27975,1011298
"06","Zambia",6882,372,40038
"06","Austria",13540,20495,515592
"06","Botswana",1454,30,2211
"06","Burma",2425,180,8018
"06","Cabo Verde",12181,218,23482
"06","Congo (Kinshasa)",127909,3414,152518
"06","Czechia",79502,10017,307889
"06","Eswatini",7423,150,15782
"07","Bangladesh",2420322,65491,5115933
"07","Bulgaria",98445,7687,209797
"07","Burma",1679,162,8927
"07","Burundi",2152,27,7058
"07","Central African Republic",82047,1441,116070
"07","Chad",414,2014,23916
"07","Colombia",2371141,156964,4547106
"07","Congo (Brazzaville)",42959,1280,60528
"07","Cyprus",4409,513,27666
"07","Finland",4212,8872,197264
"07","Grenada",0,0,621
"07","India",9150047,671178,26385312
"07","Jordan",4531,278,31592
"07","Kosovo",62267,3006,134657
"07","Kuwait",252301,10672,1511879
"07","Laos",4,0,517
"07","Lesotho",5149,98,6493
"07","Malawi",43571,1263,67017
"07","Mauritania",66527,3934,147738
"07","Mongolia",1382,0,6883
"07","Niger",1093,1848,29776
"07","Peru",2649156,348985,9057868
"07","Poland",253415,42787,1044543
"07","South Africa",3719752,122647,8151681
"07","South Sudan",36362,1110,57409
"07","Sweden",1890781,150003,2040784
"07","Timor-Leste",648,0,648
"07","United Arab Emirates",236334,8987,1483840
"01","Russia",2,0,2
"01","Rwanda",0,0,0
"01","Serbia",0,0,0
"01","Tajikistan",0,0,0
"01","Venezuela",0,0,0
"01","Albania",0,0,0
"01","Australia",34,0,38
"01","Bosnia and Herzegovina",0,0,0
"01","Cambodia",5,0,5
"01","Chile",0,0,0
"01","Colombia",0,0,0
"01","Comoros",0,0,0
"01","Cyprus",0,0,0
"01","El Salvador",0,0,0
"01","France",30,0,30
"01","Georgia",0,0,0
"01","Ghana",0,0,0
"01","Greece",0,0,0
"01","Honduras",0,0,0
"01","Jordan",0,0,0
"01","Kenya",0,0,0
"01","Kuwait",0,0,0
"01","Malaysia",38,0,38
"01","Malta",0,0,0
"01","Netherlands",0,0,0
"01","North Macedonia",0,0,0
"01","Philippines",2,0,2
"02","Czechia",0,0,0
"02","Finland",16,0,34
"02","Germany",387,0,561
"02","Iceland",2,0,2
"02","Kenya",0,0,0
"02","Kuwait",171,0,171
"02","Lithuania",2,0,2
"02","Malaysia",296,0,529
"02","Malta",0,0,0
"02","Oman",21,0,22
"02","Pakistan",14,0,14
"02","Sierra Leone",0,0,0
"02","Sweden",53,0,53
"02","Uruguay",0,0,0
"02","Antigua and Barbuda",0,0,0
"02","Austria",19,0,19
"02","Chad",0,0,0
"02","Costa Rica",0,0,0
"03","Bangladesh",366,49,546
"03","Belarus",1124,1,1465
"03","Botswana",6,1,7
"03","Burma",54,1,55
"03","Cabo Verde",41,8,49
"03","Colombia",6013,68,6190
"03","Dominica",79,0,79
"03","Egypt",5395,338,7140
"03","Israel",31509,94,32665
"03","Kazakhstan",1840,10,1936
"03","Latvia",3255,0,3277
"03","Luxembourg",16777,162,17209
"03","Malawi",0,0,0
"03","Maldives",211,0,289
"03","Mauritania",38,2,46
"03","Morocco",3454,192,3758
"03","North Macedonia",2380,40,2469
"03","Philippines",10415,669,11453
"03","Sierra Leone",1,0,1
"03","South Korea",188325,2606,244918
"03","South Sudan",0,0,0
"03","Sudan",31,21,53
"03","Yemen",0,0,0
"03","Zimbabwe",44,9,53
"03","Albania",1900,91,2232
"03","Andorra",2711,39,2787
"03","Angola",41,6,48
"03","Australia",33182,190,35679
"03","Azerbaijan",1680,37,1928
"04","Chile",174639,3274,285413
"04","Gambia",107,30,233
"04","Greenland",47,0,327
"04","Guatemala",6332,205,7312
"04","Iran",681964,141323,2255837
"04","Japan",224847,6828,264160
"04","Malaysia",66293,2393,145040
"04","Nicaragua",106,51,269
"04","Poland",194675,9321,235230
"04","Saint Lucia",196,0,442
"04","Sweden",338823,39340,378163
"04","Syria",849,72,921
"04","Taiwan*",6938,171,11888
"04","Uganda",1164,0,1797
"04","Zambia",892,62,1754
"04","Belize",304,46,411
"04","Bosnia and Herzegovina",22982,1272,33408
"05","Afghanistan",196532,4994,225655
"05","Bahrain",109646,349,210502
"05","Belarus",581905,4986,888892
"05","Belgium",974597,273995,1688377
"05","Bulgaria",43456,3285,65828
"05","Burma",2795,186,5780
"05","Cameroon",53729,4122,109504
"05","China",55984,143763,2605281
"05","Dominican Republic",202583,12982,376401
"05","Ecuador",741538,76863,1029314
"05","Eritrea",89,0,1209
"05","France",2838230,845222,5548657
"05","Holy See",305,0,367
"05","Honduras",72386,4322,86306
"05","Jamaica",11303,277,16083
"05","Liberia",2891,687,6898
"05","Lithuania",16434,1744,47573
"05","Maldives",29535,108,32674
"05","Mauritius",63,310,10311
"05","Moldova",95675,6349,183842
"05","Montenegro",640,269,10037
"05","Morocco",90113,5918,203338
"05","Nigeria",129639,5475,180866
"05","Poland",317006,27459,568704
"05","Seychelles",43,0,341
"05","Slovenia",18923,3191,45272
"05","Spain",1915710,834880,7102653
"05","Switzerland",49335,57753,943988
"05","Timor-Leste",744,0,744
"05","Zimbabwe",1277,124,1871
"06","Guinea-Bissau",38863,462,44361
"06","Iraq",376497,25196,731904
"06","Laos",12,0,570
"06","Latvia",6552,835,32971
"06","Moldova",149908,12597,370715
"06","Mongolia",2568,0,6073
"06","Morocco",42548,6388,284411
"06","Namibia",1284,0,1843
"06","Nigeria",332522,13324,521195
"06","Norway",9796,7290,259993
"06","Philippines",581796,33051,813411
"06","Syria",5344,202,5546
"06","Uruguay",1875,726,25962
"06","Uzbekistan",46036,564,168606
"06","Algeria",80820,23600,337819
"06","Bahrain",160761,1441,575360
"06","Belgium",1015728,289543,1801706
"06","China",55850,139165,2532679
"06","Dominica",32,0,538
"06","Fiji",9,0,540
"07","Albania",40160,2693,99085
"07","Angola",10688,717,15714
"07","Australia",75072,3234,295657
"07","Belarus",250279,12750,1758968
"07","Chile",625619,201905,8577021
"07","Dominica",0,0,486
"07","Ethiopia",142263,3972,235787
"07","Fiji",171,0,657
"07","Greenland",1,0,352
"07","Italy",357950,944402,6572786
"07","Namibia",24729,72,25870
"07","New Zealand",617,594,41735
"07","Philippines",1059305,42679,1597543
"07","Tajikistan",33912,1499,179176
"07","Yemen",10820,10983,39770
"07","Zimbabwe",26054,520,36156
"01","Saudi Arabia",0,0,0
"01","Sierra Leone",0,0,0
"01","Tunisia",0,0,0
"01","Uganda",0,0,0
"01","Uzbekistan",0,0,0
"01","Western Sahara",0,0,0
"01","Angola",0,0,0
"01","Barbados",0,0,0
"01","Bhutan",0,0,0
"01","Cote d'Ivoire",0,0,0
"01","Czechia",0,0,0
"01","Equatorial Guinea",0,0,0
"01","Estonia",0,0,0
"01","Ethiopia",0,0,0
"01","Finland",3,0,3
"01","Gambia",0,0,0
"01","Greenland",0,0,0
"01","Italy",2,0,2
"01","Kazakhstan",0,0,0
"01","Latvia",0,0,0
"01","Lesotho",0,0,0
"01","Madagascar",0,0,0
"01","New Zealand",0,0,0
"01","Panama",0,0,0
"02","Equatorial Guinea",0,0,0
"02","Greece",12,0,12
"02","Guyana",0,0,0
"02","Hungary",0,0,0
"02","Jamaica",0,0,0
"02","Madagascar",0,0,0
"02","Montenegro",0,0,0
"02","Mozambique",0,0,0
"02","Nigeria",2,0,2
"02","North Macedonia",4,0,4
"02","Paraguay",0,0,0
"02","Peru",0,0,0
"02","South Sudan",0,0,0
"02","Sudan",0,0,0
"02","Tanzania",0,0,0
"02","Tunisia",0,0,0
"02","Ukraine",0,0,0
"02","Algeria",5,0,5
"02","Bahrain",167,0,167
"02","China",1228416,46417,1634869
"02","Croatia",18,0,18
"03","Belize",18,0,18
"03","Cameroon",1020,24,1067
"03","Equatorial Guinea",129,0,130
"03","Eritrea",65,0,65
"03","Finland",13129,69,13382
"03","Guatemala",263,16,333
"03","Guinea-Bissau",26,0,26
"03","Japan",22522,892,29049
"03","Kyrgyzstan",581,0,587
"03","Lesotho",0,0,0
"03","Libya",32,0,33
"03","Madagascar",271,0,271
"03","Mali",101,5,106
"03","Pakistan",17082,154,17691
"03","Paraguay",515,26,546
"03","Saint Vincent and the Grenadines",14,0,18
"03","Slovakia",3390,4,3440
"03","South Africa",9978,12,10173
"03","Timor-Leste",10,0,10
"03","Togo",252,5,278
"03","Trinidad and Tobago",733,16,757
"03","US",1045178,26160,1091068
"03","Vietnam",1910,0,2514
"03","Afghanistan",1164,29,1219
"04","Congo (Brazzaville)",2966,157,3419
"04","Congo (Kinshasa)",7191,659,8639
"04","Finland",59000,2863,99473
"04","Ireland",247812,16660,365860
"04","Laos",434,0,503
"04","Mauritania",66,30,204
"04","Moldova",49978,1591,62717
"04","Monaco",1941,70,2606
"04","Nigeria",14893,574,19506
"04","Oman",26391,164,32202
"04","Papua New Guinea",139,0,139
"04","Peru",261741,11056,410944
"04","Philippines",140477,10091,163684
"04","Romania",163833,11630,222963
"04","San Marino",9417,1094,12054
"04","Senegal",6283,118,12025
"04","South Sudan",191,0,191
"04","Togo",976,133,2313
"05","Bangladesh",581520,10746,731311
"05","Chad",7700,1345,14051
"05","Comoros",828,31,1116
"05","Cyprus",12248,506,28209
"05","Egypt",281351,19547,403993
"05","Guinea-Bissau",25804,133,26923
"05","Ireland",103142,46680,730677
"05","Kazakhstan",108058,1024,202761
"05","Laos",189,0,589
"05","Libya",1247,102,2340
"05","Malta",2773,181,16920
"05","Netherlands",1178879,173232,1356964
"05","San Marino",12479,1280,19843
"05","Senegal",40167,773,72254
"05","Singapore",548934,655,824865
"05","Sudan",60838,3524,74962
"05","Sweden",801301,110620,911921
"05","Tajikistan",33731,915,51539
"05","United Kingdom",5928869,1055051,7016710
"05","Uruguay",4759,606,22718
"05","Uzbekistan",18989,363,85596
"05","West Bank and Gaza",3445,71,12240
"06","Grenada",33,0,690
"06","Haiti",122326,2233,130370
"06","Iran",885681,273942,5749446
"06","Kyrgyzstan",32973,973,87845
"06","Libya",11139,316,14275
"06","Liechtenstein",-1,31,2460
"06","Mauritius",92,300,10136
"06","New Zealand",187,660,45317
"06","Nicaragua",19311,1791,49303
"06","Papua New Guinea",21,0,261
"06","Paraguay",18834,372,41461
"06","Rwanda",8642,59,18926
"06","Saint Lucia",20,0,567
"06","Senegal",55201,2115,157369
"06","Serbia",40478,7697,377220
"06","Timor-Leste",720,0,720
"06","Venezuela",75985,880,101886
"06","Australia",14436,3075,222611
"06","Belarus",662248,9483,1626878
"06","Canada",2770222,245820,3016042
"06","Chad",1907,2155,25427
"06","Croatia",3176,3178,70331
"06","Cuba",4996,2527,67429
"06","Egypt",977855,54759,1406847
"06","Equatorial Guinea",35187,660,46572
"06","Estonia",4801,2068,58725
"06","Finland",18346,9750,212396
"07","Afghanistan",316691,28308,931389
"07","Armenia",299183,15793,874151
"07","Brazil",14221536,2008065,52333822
"07","Canada",2751092,238556,2989648
"07","Dominican Republic",629454,24628,1274998
"07","Gambia",1690,98,2881
"07","Germany",179517,244903,5428892
"07","Haiti",98322,3683,182850
"07","Holy See",0,0,324
"07","Iran",656556,358835,7078432
"07","Kyrgyzstan",226772,13445,458058
"07","Libya",33250,1156,44493
"07","Maldives",13913,360,75635
"07","Mauritius",49,270,9246
"07","Morocco",80768,7059,439372
"07","Netherlands",1222266,166126,1393381
"07","Senegal",70589,4171,224365
"07","Serbia",244625,11140,518294
"07","Slovenia",6384,3030,50272
"07","Switzerland",35443,53169,894012
"07","Trinidad and Tobago",163,216,3668
"07","West Bank and Gaza",146230,1143,185331
"01","Sao Tome and Principe",0,0,0
"01","Sudan",0,0,0
"01","Sweden",1,0,1
"01","Syria",0,0,0
"01","Afghanistan",0,0,0
"01","Andorra",0,0,0
"01","Bahrain",0,0,0
"01","Belize",0,0,0
"01","Brunei",0,0,0
"01","Chad",0,0,0
"01","Congo (Kinshasa)",0,0,0
"01","Djibouti",0,0,0
"01","Fiji",0,0,0
"01","Gabon",0,0,0
"01","Grenada",0,0,0
"01","Japan",50,0,56
"01","Liechtenstein",0,0,0
"01","Mauritania",0,0,0
"01","Mongolia",0,0,0
"01","Namibia",0,0,0
"01","Nigeria",0,0,0
"01","Oman",0,0,0
"02","Djibouti",0,0,0
"02","Dominican Republic",0,0,0
"02","Egypt",14,0,16
"02","Gabon",0,0,0
"02","Gambia",0,0,0
"02","Grenada",0,0,0
"02","Guatemala",0,0,0
"02","Haiti",0,0,0
"02","Iraq",34,0,34
"02","Lebanon",15,0,15
"02","Moldova",0,0,0
"02","Netherlands",8,0,8
"02","New Zealand",2,0,2
"02","Portugal",0,0,0
"02","Romania",8,0,8
"02","Saudi Arabia",0,0,0
"02","Senegal",0,0,0
"02","Seychelles",0,0,0
"02","Slovenia",0,0,0
"02","Syria",0,0,0
"02","Taiwan*",539,14,616
"02","Tajikistan",0,0,0
"02","Trinidad and Tobago",0,0,0
"02","Yemen",0,0,0
"02","Burkina Faso",0,0,0
"02","Central African Republic",0,0,0
"03","Bolivia",671,11,682
"03","Bosnia and Herzegovina",2704,50,2826
"03","Canada",51277,554,51831
"03","Costa Rica",2934,24,2987
"03","Cyprus",1942,41,2089
"03","Ethiopia",187,0,203
"03","Greenland",68,0,84
"03","Grenada",52,0,52
"03","Indonesia",10411,989,11971
"03","Mauritius",815,26,841
"03","Monaco",419,3,433
"03","Papua New Guinea",12,0,12
"03","Peru",7042,142,7702
"03","Rwanda",579,0,579
"03","San Marino",3049,318,3461
"03","Senegal",1262,0,1444
"03","Spain",585063,54579,742546
"03","Sweden",42922,945,43867
"03","Syria",47,5,52
"03","United Kingdom",268786,12484,283195
"03","Algeria",3905,324,4823
"03","Austria",81293,626,84802
"04","Burma",2120,110,2408
"04","Canada",888899,40599,929498
"04","Chad",588,9,797
"04","Comoros",1,0,1
"04","Costa Rica",14254,122,17866
"04","Czechia",143328,4582,184001
"04","Djibouti",11570,41,16283
"04","Dominica",260,0,460
"04","Egypt",57005,6017,83386
"04","Eritrea",886,0,1027
"04","Kenya",5362,297,7263
"04","Latvia",16902,185,20149
"04","Liberia",1501,202,2056
"04","Lithuania",26354,845,33484
"04","Luxembourg",63791,1943,99317
"04","Maldives",2068,2,2519
"04","Montenegro",6048,122,8188
"04","Netherlands",750785,94860,847455
"04","New Zealand",17990,272,38859
"04","Norway",195109,4258,200308
"04","Paraguay",3602,204,5046
"04","Portugal",496511,18022,533042
"04","Qatar",141545,215,156835
"04","Sierra Leone",961,28,1108
"04","Slovakia",22631,260,28263
"04","Slovenia",30101,1746,36605
"04","South Korea",80635,6533,315431
"04","Tajikistan",15,0,15
"04","Tanzania",3672,171,4575
"04","United Arab Emirates",143358,1170,175824
"04","West Bank and Gaza",6839,51,8597
"04","Yemen",22,2,31
"04","Angola",412,60,601
"04","Antigua and Barbuda",430,62,617
"04","Bangladesh",66071,2153,70283
"05","Azerbaijan",34651,1227,101560
"05","Benin",4052,73,6566
"05","Bhutan",395,0,561
"05","Bolivia",118157,5482,137671
"05","Burkina Faso",3200,1555,24013
"05","Cabo Verde",6522,83,9336
"05","Colombia",355626,17976,492214
"05","Congo (Kinshasa)",39463,1628,48228
"05","Cote d'Ivoire",31660,772,63068
"05","Cuba",11942,2389,56950
"05","El Salvador",25209,809,41262
"05","Ethiopia",8772,159,12773
"05","Finland",43631,8784,190615
"05","Hungary",52926,13618,106717
"05","Iceland",631,310,55864
"05","Kosovo",7981,869,29354
"05","Mexico",346813,165485,1560343
"05","Panama",134780,8266,296760
"05","Slovakia",11822,832,45753
"05","Somalia",33983,1679,40774
"05","Tunisia",7638,1414,32212
"05","Venezuela",14856,325,22391
"06","Iceland",198,300,54362
"06","Jamaica",5223,298,19058
"06","Lebanon",15741,934,44582
"06","Luxembourg",1804,3300,122950
"06","Mexico",650485,562682,4692440
"06","Saint Vincent and the Grenadines",129,0,834
"06","Sao Tome and Principe",13781,367,18865
"06","Seychelles",204,0,534
"06","Spain",1991507,828405,7331192
"06","Tajikistan",47453,1501,152296
"06","Tunisia",2193,1482,33677
"06","Uganda",9612,0,21150
"06","Albania",16917,1221,50880
"06","Belize",76,60,633
"06","Benin",10700,264,17757
"06","Bosnia and Herzegovina",25542,5006,95167
"06","Burkina Faso",1703,1590,27120
"06","Comoros",2441,117,5961
"06","Congo (Brazzaville)",14933,832,25460
"06","Costa Rica",30195,356,58319
"06","Cote d'Ivoire",96024,1443,176994
"06","Djibouti",38854,1210,132173
"06","Eritrea",1843,0,3083
"07","Algeria",140239,27950,556217
"07","Bhutan",419,0,2300
"07","Burkina Faso",2668,1431,27889
"07","Cambodia",903,0,4548
"07","Cameroon",64680,9666,408666
"07","China",63339,125401,2305596
"07","Comoros",743,189,8745
"07","Cote d'Ivoire",153905,2273,349015
"07","Croatia",26929,3238,104685
"07","Denmark",10214,16461,358669
"07","France",2738420,811526,5679861
"07","Georgia",3430,413,27289
"07","Israel",599220,10327,1170798
"07","Japan",105666,26592,634719
"07","Kenya",190683,5631,308373
"07","Liberia",13076,1490,27364
"07","Luxembourg",21942,2991,140167
"07","Malaysia",2784,3295,236127
"07","Mali",15415,3257,65099
"07","Mozambique",34374,246,34620
"07","Nepal",192259,1033,457881
"07","Oman",542221,7543,1604070
"07","Pakistan",1916198,142652,6803209
"07","Papua New Guinea",292,2,525
"07","Saint Lucia",77,0,605
"07","Saint Vincent and the Grenadines",184,0,1023
"07","Syria",11754,590,12344
"07","Taiwan*",151,189,12194
"07","Thailand",2217,1566,87177
"07","US",61226172,3703024,93360473
"07","United Kingdom",6653436,1215249,7906373
"07","Uzbekistan",159586,1858,387691
"07","Vietnam",785,0,10306
"07","Western Sahara",27,27,270
"01","Switzerland",0,0,0
"01","Thailand",70,0,94
"01","Trinidad and Tobago",0,0,0
"01","Turkey",0,0,0
"01","Zimbabwe",0,0,0
"01","Armenia",0,0,0
"01","Bolivia",0,0,0
"01","China",36315,889,38008
"01","Denmark",0,0,0
"01","Egypt",0,0,0
"01","Eswatini",0,0,0
"01","Guinea",0,0,0
"01","Holy See",0,0,0
"01","Hungary",0,0,0
"01","India",2,0,2
"01","Iraq",0,0,0
"01","Liberia",0,0,0
"01","Mozambique",0,0,0
"01","Nepal",7,0,7
"01","Nicaragua",0,0,0
"02","France",345,19,466
"02","Guinea-Bissau",0,0,0
"02","Israel",18,0,21
"02","Laos",0,0,0
"02","Latvia",0,0,0
"02","Liberia",0,0,0
"02","Maldives",0,0,0
"02","Mauritania",0,0,0
"02","Niger",0,0,0
"02","Philippines",34,28,80
"02","Serbia",0,0,0
"02","Suriname",0,0,0
"02","Switzerland",36,0,36
"02","Timor-Leste",0,0,0
"02","Western Sahara",0,0,0
"02","Bahamas",0,0,0
"02","Barbados",0,0,0
"02","Bhutan",0,0,0
"02","Cabo Verde",0,0,0
"02","Colombia",0,0,0
"02","Comoros",0,0,0
"03","Burkina Faso",1654,86,1901
"03","Comoros",0,0,0
"03","Czechia",25707,110,25984
"03","Ecuador",15962,423,16469
"03","Estonia",7205,14,7350
"03","France",336076,21330,410316
"03","Guinea",104,0,104
"03","Iceland",10259,27,11298
"03","India",9208,226,10252
"03","Iran",319347,34200,525947
"03","Liechtenstein",490,0,694
"03","Mongolia",146,0,150
"03","Netherlands",96153,5837,102010
"03","Panama",7156,136,7317
"03","Saint Kitts and Nevis",25,0,25
"03","Seychelles",111,0,111
"03","Tanzania",157,1,163
"03","Venezuela",1023,11,1296
"03","West Bank and Gaza",1141,6,1355
"03","Western Sahara",0,0,0
"03","Zambia",194,0,194
"04","Brazil",581042,66571,1048506
"04","Cabo Verde",1363,30,1423
"04","El Salvador",3957,181,5333
"04","Honduras",11457,1107,13307
"04","Iceland",18440,234,50142
"04","Israel",257703,3960,360925
"04","Madagascar",2127,0,3143
"04","Mexico",115658,19390,229514
"04","Saint Kitts and Nevis",361,0,385
"04","Saint Vincent and the Grenadines",254,0,329
"04","Thailand",27631,1182,77151
"04","US",16769592,1035013,19552582
"04","United Kingdom",2856656,456808,3328344
"04","Western Sahara",102,0,142
"04","Afghanistan",23450,860,27237
"04","Algeria",36228,9197,69497
"04","Bahamas",1062,235,1578
"04","Barbados",1418,122,2071
"05","Andorra",3475,1518,23498
"05","Angola",1088,85,1639
"05","Austria",33617,19474,500479
"05","Cambodia",44,0,3804
"05","Canada",2195249,174037,2369286
"05","Chile",1104811,15833,1763115
"05","Croatia",8084,2877,68134
"05","Czechia",91509,9018,262979
"05","Equatorial Guinea",19544,219,21842
"05","Gabon",31028,320,40885
"05","Germany",520811,242992,5427815
"05","Greece",38832,4958,86384
"05","Guyana",1906,315,3617
"05","India",1777386,94154,3088494
"05","Iraq",39992,4085,112314
"05","Lesotho",25,0,29
"05","Mali",10900,1544,26486
"05","Nepal",11311,58,13506
"05","Nicaragua",2627,436,6802
"05","Pakistan",887722,28177,1316336
"05","Philippines",284648,24374,386438
"05","Portugal",620932,37567,891512
"05","Qatar",782140,576,1004693
"05","Rwanda",3606,2,9340
"05","South Africa",253343,9779,497374
"05","Suriname",34,31,342
"05","Syria",1979,104,2083
"05","Ukraine",375537,15181,543592
"06","Germany",226697,264281,5670762
"06","Malaysia",23842,3576,252725
"06","Mauritania",47223,2572,67050
"06","Mozambique",17783,104,17887
"06","Pakistan",2622600,88853,4450339
"06","South Africa",1104173,48178,2421471
"06","Sri Lanka",18225,330,57101
"06","Thailand",2204,1739,93992
"06","United Arab Emirates",421890,8767,1274693
"06","West Bank and Gaza",13312,99,25938
"06","Zimbabwe",9841,142,12096
"06","Antigua and Barbuda",307,90,1026
"06","Armenia",289777,8745,520967
"06","Azerbaijan",142166,3939,326549
"06","Central African Republic",60064,559,70765
"06","Denmark",16808,17867,372978
"06","Ecuador",608800,118831,1429745
"07","Argentina",1704500,55772,2999745
"07","Austria",32784,19132,516852
"07","Azerbaijan",219673,8650,669327
"07","Belize",387,54,1016
"07","Bolivia",922194,51548,1402439
"07","Costa Rica",171329,1275,241282
"07","Djibouti",3449,1516,133381
"07","Equatorial Guinea",58082,1358,81847
"07","Eritrea",3179,0,6402
"07","Gabon",72433,1242,166362
"07","Indonesia",947848,102897,2122937
"07","Iraq",744274,89327,2200547
"07","Latvia",3220,825,31584
"07","Liechtenstein",52,27,2283
"07","Madagascar",69713,1304,150870
"07","Moldova",168576,17638,537355
"07","Nicaragua",23757,2584,81138
"07","Nigeria",515847,20032,911628
"07","Qatar",131255,3961,2811865
"07","Saint Kitts and Nevis",42,0,447
"07","Sao Tome and Principe",9262,370,20277
"07","Singapore",111514,716,1265295
"07","Slovakia",10280,756,51840
"07","Somalia",45494,2494,82998
"07","Sudan",120142,17845,283122
"07","Tanzania",8235,567,13743
"07","Turkey",386568,145675,5795083
"07","Uganda",1902,6,27593
"07","Uruguay",2811,840,27895
"07","Venezuela",161168,2619,279813
"07","Zambia",25141,2021,68813
"01","Slovenia",0,0,0
"01","South Korea",36,0,36
"01","South Sudan",0,0,0
"01","Taiwan*",52,0,52
"01","Togo",0,0,0
"01","US",38,0,38
"01","Uruguay",0,0,0
"01","Vietnam",18,0,18
"01","Botswana",0,0,0
"01","Brazil",0,0,0
"01","Burkina Faso",0,0,0
"01","Burma",0,0,0
"01","Cameroon",0,0,0
"01","Canada",12,0,12
"01","Congo (Brazzaville)",0,0,0
"01","Iran",0,0,0
"01","Luxembourg",0,0,0
"01","Malawi",0,0,0
"01","Maldives",0,0,0
"01","Mauritius",0,0,0
"01","Mexico",0,0,0
"01","Qatar",0,0,0
"02","Cuba",0,0,0
"02","Dominica",0,0,0
"02","Ecuador",0,0,0
"02","Eritrea",0,0,0
"02","Estonia",3,0,3
"02","Honduras",0,0,0
"02","India",42,0,84
"02","Italy",3719,102,3966
"02","Luxembourg",1,0,1
"02","Malawi",0,0,0
"02","Nepal",11,0,29
"02","Nicaragua",0,0,0
"02","Panama",0,0,0
"02","Rwanda",0,0,0
"02","Saint Kitts and Nevis",0,0,0
"02","Saint Lucia",0,0,0
"02","South Africa",0,0,0
"02","Sri Lanka",7,0,29
"02","Togo",0,0,0
"02","United Kingdom",490,0,606
"02","Vietnam",184,0,398
"02","Albania",0,0,0
"02","Angola",0,0,0
"02","Argentina",0,0,0
"02","Armenia",0,0,0
"02","Azerbaijan",0,0,0
"02","Bangladesh",0,0,0
"02","Brazil",5,0,5
"02","Burundi",0,0,0
"02","Cambodia",11,0,29
"02","Congo (Brazzaville)",0,0,0
"03","Benin",67,0,68
"03","China",456963,98488,2515426
"03","Congo (Kinshasa)",591,41,642
"03","Eswatini",75,0,75
"03","Gambia",26,9,35
"03","Germany",516236,3876,588179
"03","Guyana",120,21,141
"03","Italy",947585,116616,1209772
"03","Malaysia",23713,264,27636
"03","Malta",1672,0,1707
"03","Mozambique",56,0,56
"03","Oman",1340,1,1700
"03","Qatar",9786,5,10292
"03","Sao Tome and Principe",0,0,0
"03","Saudi Arabia",11637,39,12266
"03","Serbia",5756,71,5865
"03","Taiwan*",3151,49,3877
"03","Thailand",11522,72,13480
"03","Uganda",211,0,211
"03","Ukraine",2935,89,3064
"03","Armenia",3882,12,4099
"04","Cambodia",997,0,3583
"04","Colombia",80377,4249,101704
"04","Cote d'Ivoire",14378,226,20934
"04","Cyprus",16939,354,19846
"04","Denmark",88368,9093,203220
"04","Ethiopia",1938,73,2558
"04","France",2294556,486814,3722152
"04","Gabon",2633,45,3106
"04","Georgia",7089,104,9767
"04","Iraq",16123,2275,42494
"04","Jordan",4786,200,11816
"04","Lebanon",15497,616,18944
"04","Lesotho",0,0,0
"04","Libya",842,38,1180
"04","Malta",7697,71,11099
"04","Mozambique",1062,0,1062
"04","Pakistan",189646,4893,246405
"04","Singapore",168209,282,188949
"04","Sri Lanka",6595,193,9067
"04","Switzerland",290673,36069,767858
"04","Timor-Leste",365,0,365
"04","Uzbekistan",25660,144,35053
"04","Albania",7002,728,15632
"04","Bahrain",25521,190,48676
"04","Bhutan",94,0,167
"05","Algeria",84689,16901,211394
"05","Belize",11,62,558
"05","Botswana",342,31,843
"05","Congo (Brazzaville)",8826,427,12105
"05","Denmark",41330,16639,338468
"05","Gambia",262,31,680
"05","Ghana",123316,820,164583
"05","Guatemala",58919,1318,67102
"05","Haiti",17262,655,18500
"05","Japan",173228,23070,496484
"05","Lebanon",16281,799,29199
"05","Malaysia",43881,3443,214779
"05","Norway",168979,7048,253969
"05","Oman",122348,774,169194
"05","Romania",195644,32626,507655
"05","Saudi Arabia",816351,9632,1660260
"05","Serbia",188316,6909,324948
"05","United Arab Emirates",424131,6431,718686
"05","Vietnam",1583,0,9465
"06","Greece",48080,5567,94867
"06","Ireland",23466,51089,758939
"06","Israel",120916,9082,599461
"06","Kosovo",17859,1019,48328
"06","Lesotho",204,0,272
"06","Maldives",20868,235,62485
"06","Monaco",76,120,3000
"06","North Macedonia",65852,6176,127852
"06","Russia",7029468,215268,16097579
"06","Slovenia",1137,3276,45374
"06","Trinidad and Tobago",122,240,3629
"06","Afghanistan",551209,14907,750884
"06","Argentina",729320,26775,1091252
"06","Bahamas",646,330,3100
"06","Bhutan",1179,0,1897
"06","Bolivia",466668,20104,614758
"06","Brazil",12027095,1353392,28161222
"06","Bulgaria",44026,5500,105731
"06","Cyprus",4422,548,29366
"07","Bahamas",1660,297,4390
"07","Bosnia and Herzegovina",98383,6297,196417
"07","Brunei",0,81,3807
"07","Czechia",122208,9637,365905
"07","Egypt",1436980,106275,2241437
"07","Eswatini",20462,541,40323
"07","Guinea-Bissau",29562,691,50169
"07","Iceland",438,270,49573
"07","Ireland",15082,47223,693133
"07","Lithuania",6479,2141,51238
"07","Malta",251,243,18280
"07","Norway",13684,6834,243080
"07","Panama",595532,26264,1290060
"07","Russia",5711019,311627,19912018
"07","Rwanda",18489,108,38132
"07","South Korea",25260,7855,366260
"07","Spain",2163568,767006,6990726
"07","Ukraine",711349,38380,1518710
